season,team_id,team_name,team_name,team-average-raid-points_match_played,team-avg-points-scored_match_played,team-all-outs-conceded_match_played,team-successful-tackle-percent_match_played,team-super-raid_match_played,team-raid_match_played,team-successful-raid-percent_match_played,team-dod-raid-points_match_played,team-super-tackles_match_played,team-raid-points_match_played,team-successful-raids_match_played,team-total-points-conceded_match_played,team-tackle-points_match_played,team-total-points_match_played,team-successful-tackles-per-match_match_played,team-all-outs-inflicted_match_played,team-average-tackle-points_match_played,team-successful-tackles_match_played,team-average-raid-points_rank,team-avg-points-scored_rank,team-all-outs-conceded_rank,team-successful-tackle-percent_rank,team-super-raid_rank,team-raid_rank,team-successful-raid-percent_rank,team-dod-raid-points_rank,team-super-tackles_rank,team-raid-points_rank,team-successful-raids_rank,team-total-points-conceded_rank,team-tackle-points_rank,team-total-points_rank,team-successful-tackles-per-match_rank,team-all-outs-inflicted_rank,team-average-tackle-points_rank,team-successful-tackles_rank,team-average-raid-points_value,team-avg-points-scored_value,team-all-outs-conceded_value,team-successful-tackle-percent_value,team-super-raid_value,team-raid_value,team-successful-raid-percent_value,team-dod-raid-points_value,team-super-tackles_value,team-raid-points_value,team-successful-raids_value,team-total-points-conceded_value,team-tackle-points_value,team-total-points_value,team-successful-tackles-per-match_value,team-all-outs-inflicted_value,team-average-tackle-points_value,team-successful-tackles_value,team-average-raid-points_points_per_match,team-avg-points-scored_points_per_match,team-all-outs-conceded_points_per_match,team-successful-tackle-percent_points_per_match,team-super-raid_points_per_match,team-raid_points_per_match,team-successful-raid-percent_points_per_match,team-dod-raid-points_points_per_match,team-super-tackles_points_per_match,team-raid-points_points_per_match,team-successful-raids_points_per_match,team-total-points-conceded_points_per_match,team-tackle-points_points_per_match,team-total-points_points_per_match,team-successful-tackles-per-match_points_per_match,team-all-outs-inflicted_points_per_match,team-average-tackle-points_points_per_match,team-successful-tackles_points_per_match,team_name,team_name
5,1,Bengaluru Bulls,Bengaluru Bulls,22,22,22,22,22,22,22,22,22,22,22,22,22,22,22,22,22,22,7,8,9,3,11,12,3,6,7,9,6,11,7,9,6,4,7,6,17.86,31.32,25,38.54,5,943,34.99,93,16,393,330,679,202,689,8.41,28,9.18,185,0.8118181818181818,1.4236363636363636,1.1363636363636365,1.7518181818181815,0.2272727272727272,42.86363636363637,1.5904545454545456,4.227272727272728,0.7272727272727273,17.863636363636363,15,30.863636363636363,9.181818181818182,31.318181818181817,0.3822727272727272,1.2727272727272727,0.4172727272727272,8.409090909090908,Bengaluru Bulls,Bengaluru Bulls
5,2,Dabang Delhi K.C.,Dabang Delhi K.C.,22,22,22,22,22,22,22,22,22,22,22,22,22,22,22,22,22,22,12,12,2,12,10,8,11,5,11,12,11,6,12,12,12,12,12,12,15.64,27.14,35,32.06,6,973,28.57,94,10,344,278,731,171,597,7.23,18,7.77,159,0.7109090909090909,1.2336363636363636,1.5909090909090908,1.4572727272727273,0.2727272727272727,44.22727272727273,1.2986363636363636,4.2727272727272725,0.4545454545454545,15.636363636363637,12.636363636363637,33.22727272727273,7.772727272727272,27.13636363636364,0.3286363636363636,0.8181818181818182,0.3531818181818181,7.227272727272728,Dabang Delhi K.C.,Dabang Delhi K.C.
5,3,Jaipur Pink Panthers,Jaipur Pink Panthers,22,22,22,22,22,22,22,22,22,22,22,22,22,22,22,22,22,22,10,11,7,8,3,11,10,11,12,11,12,8,11,11,11,9,11,11,16.05,28.68,27,35.29,13,962,28.9,83,9,353,278,722,172,631,7.36,22,7.82,162,0.7295454545454546,1.3036363636363637,1.2272727272727273,1.604090909090909,0.5909090909090909,43.72727272727273,1.3136363636363635,3.772727272727273,0.4090909090909091,16.045454545454547,12.636363636363637,32.81818181818182,7.818181818181818,28.681818181818183,0.3345454545454545,1,0.3554545454545454,7.363636363636363,Jaipur Pink Panthers,Jaipur Pink Panthers
5,4,Bengal Warriors,Bengal Warriors,24,24,24,24,24,24,24,24,24,24,24,24,24,24,24,24,24,24,4,9,5,9,6,2,4,9,9,3,2,3,10,5,10,5,10,9,18.96,31.17,29,34.81,11,1079,34.29,87,12,455,370,757,193,748,7.54,27,8.04,181,0.79,1.29875,1.2083333333333333,1.450416666666667,0.4583333333333333,44.958333333333336,1.42875,3.625,0.5,18.95833333333333,15.416666666666666,31.541666666666668,8.041666666666666,31.166666666666668,0.3141666666666666,1.125,0.3349999999999999,7.541666666666667,Bengal Warriors,Bengal Warriors
5,5,U Mumba,U Mumba,22,22,22,22,22,22,22,22,22,22,22,22,22,22,22,22,22,22,3,4,1,11,8,10,7,12,2,4,9,4,6,7,8,10,6,10,19.05,32.14,36,32.65,10,963,32.71,78,26,419,315,757,202,707,8,21,9.18,176,0.865909091,1.460909090909091,1.6363636363636365,1.4840909090909091,0.4545454545454545,43.77272727272727,1.4868181818181818,3.5454545454545454,1.181818181818182,19.045454545454547,14.318181818181818,34.40909090909091,9.181818181818182,32.13636363636363,0.3636363636363636,0.9545454545454546,0.4172727272727272,8,U Mumba,U Mumba
5,6,Patna Pirates,Patna Pirates,26,26,26,26,26,26,26,26,26,26,26,26,26,26,26,26,26,26,1,1,6,6,1,1,1,4,1,1,1,1,3,1,4,1,4,3,24.5,40.38,29,36.16,26,1173,41.09,95,26,637,482,921,253,1050,8.69,55,9.73,226,0.9423076923076924,1.5530769230769232,1.1153846153846154,1.3907692307692303,1,45.11538461538461,1.5803846153846155,3.6538461538461537,1,24.5,18.53846153846154,35.42307692307692,9.730769231,40.38461538461539,0.3342307692307692,2.1153846153846154,0.3742307692307692,8.692307692307692,Patna Pirates,Patna Pirates
5,7,Puneri Paltan,Puneri Paltan,24,24,24,24,24,24,24,24,24,24,24,24,24,24,24,24,24,24,11,5,11,2,4,4,12,1,4,10,10,10,1,3,1,3,1,1,15.79,31.92,23,46.07,12,1042,28.21,119,19,379,294,683,273,766,10.5,32,11.38,252,0.6579166666666666,1.33,0.9583333333333334,1.9195833333333336,0.5,43.41666666666666,1.1754166666666668,4.958333333333333,0.7916666666666666,15.791666666666666,12.25,28.45833333333333,11.375,31.916666666666668,0.4375,1.3333333333333333,0.4741666666666667,10.5,Puneri Paltan,Puneri Paltan
5,8,Telugu Titans,Telugu Titans,22,22,22,22,22,22,22,22,22,22,22,22,22,22,22,22,22,22,6,6,8,5,9,9,6,8,8,8,7,9,5,8,5,7,5,5,18.18,31.64,26,37.6,10,971,33.88,89,16,400,329,698,208,696,8.68,25,9.45,191,0.8263636363636363,1.4381818181818182,1.181818181818182,1.7090909090909092,0.4545454545454545,44.13636363636363,1.54,4.045454545454546,0.7272727272727273,18.181818181818183,14.954545454545457,31.727272727272727,9.454545454545457,31.63636363636364,0.3945454545454545,1.1363636363636365,0.4295454545454545,8.681818181818182,Telugu Titans,Telugu Titans
5,28,Haryana Steelers,Haryana Steelers,23,23,23,23,23,23,23,23,23,23,23,23,23,23,23,23,23,23,8,7,10,4,5,5,9,2,3,7,8,7,4,6,3,6,3,4,17.57,31.61,23,37.87,12,1030,31.17,105,21,404,321,726,227,727,8.96,27,9.87,206,0.7639130434782608,1.3743478260869566,1,1.6465217391304348,0.5217391304347826,44.78260869565217,1.355217391304348,4.565217391304348,0.9130434782608696,17.565217391304348,13.956521739130435,31.565217391304348,9.869565217391305,31.60869565217391,0.3895652173913044,1.173913043478261,0.4291304347826086,8.956521739130435,Haryana Steelers,Haryana Steelers
5,29,Tamil Thalaivas,Tamil Thalaivas,22,22,22,22,22,22,22,22,22,22,22,22,22,22,22,22,22,22,5,10,4,7,12,6,5,7,6,5,4,5,9,10,7,11,8,7,18.59,30.95,31,35.59,5,1015,34.09,91,17,409,346,752,201,681,8.36,19,9.14,184,0.845,1.4068181818181815,1.4090909090909092,1.617727272727273,0.2272727272727272,46.13636363636363,1.5495454545454548,4.136363636363637,0.7727272727272727,18.59090909090909,15.727272727272728,34.18181818181818,9.136363636363637,30.954545454545453,0.3799999999999999,0.8636363636363636,0.4154545454545454,8.363636363636363,Tamil Thalaivas,Tamil Thalaivas
5,30,U.P. Yoddhas,U.P. Yoddhas,23,23,23,23,23,23,23,23,23,23,23,23,23,23,23,23,23,23,2,2,3,10,2,7,2,10,5,2,3,2,8,4,9,8,9,8,20.04,33.13,32,33.21,23,1002,35.53,83,18,461,356,762,202,762,7.96,23,8.78,183,0.8713043478260869,1.4404347826086958,1.391304347826087,1.443913043478261,1,43.56521739130435,1.5447826086956522,3.608695652173913,0.782608696,20.043478260869566,15.478260869565217,33.130434782608695,8.782608695652174,33.130434782608695,0.3460869565217391,1,0.3817391304347826,7.956521739130435,U.P. Yoddhas,U.P. Yoddhas
5,31,Gujarat Giants,Gujarat Giants,24,24,24,24,24,24,24,24,24,24,24,24,24,24,24,24,24,24,9,3,12,1,7,3,8,3,10,6,5,12,2,2,2,2,2,2,16.83,32.29,17,48.69,11,1055,31.47,98,12,404,332,641,254,775,10.08,36,10.58,242,0.7012499999999999,1.3454166666666667,0.7083333333333334,2.02875,0.4583333333333333,43.958333333333336,1.31125,4.083333333333333,0.5,16.833333333333332,13.833333333333334,26.70833333333333,10.583333333333334,32.291666666666664,0.42,1.5,0.4408333333333333,10.083333333333334,Gujarat Giants,Gujarat Giants
2,1,Bengaluru Bulls,Bengaluru Bulls,16,16,16,,16,,,16,16,16,16,16,16,16,,16,16,16,4,2,4,,3,,,1,8,2,2,5,4,2,,1,4,3,15.69,31.69,9,,10,,,81,6,251,202,457,165,507,,13,10.31,158,0.980625,1.980625,0.5625,,0.625,,,5.0625,0.375,15.6875,12.625,28.5625,10.3125,31.6875,,0.8125,0.644375,9.875,Bengaluru Bulls,Bengaluru Bulls
2,2,Dabang Delhi K.C.,Dabang Delhi K.C.,14,14,14,,14,,,14,14,14,14,14,14,14,,14,14,14,5,5,2,,2,,,6,5,7,7,4,7,6,,8,7,6,15.5,28.29,12,,14,,,60,14,217,161,464,136,396,,4,9.71,122,1.1071428571428572,2.020714285714285,0.8571428571428571,,1,,,4.285714285714286,1,15.5,11.5,33.142857142857146,9.714285714285714,28.285714285714285,,0.2857142857142857,0.6935714285714286,8.714285714285714,Dabang Delhi K.C.,Dabang Delhi K.C.
2,3,Jaipur Pink Panthers,Jaipur Pink Panthers,14,14,14,,14,,,14,14,14,14,14,14,14,,14,14,14,2,3,6,,7,,,8,2,4,5,8,5,5,,2,5,5,16.57,31.57,6,,5,,,47,18,232,188,399,142,442,,12,10.14,124,1.1835714285714285,2.255,0.4285714285714285,,0.3571428571428571,,,3.357142857142857,1.2857142857142858,16.571428571428573,13.428571428571429,28.5,10.142857142857142,31.571428571428573,,0.8571428571428571,0.7242857142857143,8.857142857142858,Jaipur Pink Panthers,Jaipur Pink Panthers
2,4,Bengal Warriors,Bengal Warriors,14,14,14,,14,,,14,14,14,14,14,14,14,,14,14,14,8,8,5,,4,,,4,1,8,8,6,6,8,,6,6,7,13.14,26.21,8,,9,,,62,20,184,136,430,137,367,,6,9.79,116,0.9385714285714286,1.872142857142857,0.5714285714285714,,0.6428571428571429,,,4.428571428571429,1.4285714285714286,13.142857142857142,9.714285714285714,30.714285714285715,9.785714285714286,26.214285714285715,,0.4285714285714285,0.6992857142857142,8.285714285714286,Bengal Warriors,Bengal Warriors
2,5,U Mumba,U Mumba,16,16,16,,16,,,16,16,16,16,16,16,16,,16,16,16,6,4,8,,6,,,2,3,3,3,7,1,3,,4,1,1,14.81,30.56,5,,7,,,79,16,237,189,426,196,489,,11,12.25,180,0.925625,1.91,0.3125,,0.4375,,,4.9375,1,14.8125,11.8125,26.625,12.25,30.5625,,0.6875,0.765625,11.25,U Mumba,U Mumba
2,6,Patna Pirates,Patna Pirates,16,16,16,,16,,,16,16,16,16,16,16,16,,16,16,16,7,7,3,,8,,,3,6,5,4,2,3,4,,7,3,4,14.25,27.81,10,,4,,,63,12,228,189,488,166,445,,5,10.38,153,0.890625,1.738125,0.625,,0.25,,,3.9375,0.75,14.25,11.8125,30.5,10.375,27.8125,,0.3125,0.64875,9.5625,Patna Pirates,Patna Pirates
2,7,Puneri Paltan,Puneri Paltan,14,14,14,,14,,,14,14,14,14,14,14,14,,14,14,14,3,6,1,,5,,,7,7,6,6,3,8,7,,5,8,8,15.93,27.93,14,,8,,,56,10,223,173,465,115,391,,7,8.21,104,1.137857142857143,1.995,1,,0.5714285714285714,,,4,0.7142857142857143,15.928571428571429,12.357142857142858,33.214285714285715,8.214285714285714,27.928571428571427,,0.5,0.5864285714285715,7.428571428571429,Puneri Paltan,Puneri Paltan
2,8,Telugu Titans,Telugu Titans,16,16,16,,16,,,16,16,16,16,16,16,16,,16,16,16,1,1,7,,1,,,5,4,1,1,1,2,1,,3,2,2,21.5,36.56,6,,16,,,61,14,344,269,493,174,585,,12,10.88,158,1.34375,2.285,0.375,,1,,,3.8125,0.875,21.5,16.8125,30.8125,10.875,36.5625,,0.75,0.68,9.875,Telugu Titans,Telugu Titans
3,1,Bengaluru Bulls,Bengaluru Bulls,14,14,14,,14,,,14,14,14,14,14,14,14,,14,14,14,7,8,5,,3,,,3,6,7,7,3,8,8,,4,8,8,14.93,25.93,8,,9,,,68,7,209,162,465,101,363,,5,7.21,94,1.0664285714285715,1.852142857142857,0.5714285714285714,,0.6428571428571429,,,4.857142857142857,0.5,14.928571428571429,11.571428571428571,33.214285714285715,7.214285714285714,25.928571428571427,,0.3571428571428571,0.515,6.714285714285714,Bengaluru Bulls,Bengaluru Bulls
3,2,Dabang Delhi K.C.,Dabang Delhi K.C.,14,14,14,,14,,,14,14,14,14,14,14,14,,14,14,14,3,6,2,,6,,,7,5,6,6,1,7,6,,6,7,7,16.64,27.43,12,,5,,,53,13,233,177,526,111,384,,4,7.93,98,1.1885714285714286,1.9592857142857143,0.8571428571428571,,0.3571428571428571,,,3.7857142857142856,0.9285714285714286,16.642857142857142,12.642857142857142,37.57142857142857,7.928571428571429,27.428571428571427,,0.2857142857142857,0.5664285714285714,7,Dabang Delhi K.C.,Dabang Delhi K.C.
3,3,Jaipur Pink Panthers,Jaipur Pink Panthers,14,14,14,,14,,,14,14,14,14,14,14,14,,14,14,14,8,7,6,,4,,,6,1,8,8,7,5,7,,8,5,6,13.79,26,7,,8,,,58,16,193,151,427,117,364,,3,8.36,100,0.985,1.8571428571428568,0.5,,0.5714285714285714,,,4.142857142857143,1.1428571428571428,13.785714285714286,10.785714285714286,30.5,8.357142857142858,26,,0.2142857142857142,0.5971428571428571,7.142857142857143,Jaipur Pink Panthers,Jaipur Pink Panthers
3,4,Bengal Warriors,Bengal Warriors,16,16,16,,16,,,16,16,16,16,16,16,16,,16,16,16,6,5,1,,7,,,4,4,5,2,4,4,4,,7,4,4,15.63,28.75,14,,4,,,68,13,250,218,450,150,460,,4,9.38,137,0.976875,1.796875,0.875,,0.25,,,4.25,0.8125,15.625,13.625,28.125,9.375,28.75,,0.25,0.58625,8.5625,Bengal Warriors,Bengal Warriors
3,5,U Mumba,U Mumba,16,16,16,,16,,,16,16,16,16,16,16,16,,16,16,16,4,3,7,,5,,,5,8,3,3,8,3,3,,3,3,3,15.81,31.38,5,,7,,,59,6,253,210,398,169,502,,13,10.56,163,0.988125,1.96125,0.3125,,0.4375,,,3.6875,0.375,15.8125,13.125,24.875,10.5625,31.375,,0.8125,0.66,10.1875,U Mumba,U Mumba
3,6,Patna Pirates,Patna Pirates,16,16,16,,16,,,16,16,16,16,16,16,16,,16,16,16,1,1,8,,1,,,2,7,1,1,2,2,1,,1,2,1,20.25,37.13,2,,16,,,71,7,324,244,468,182,594,,17,11.38,175,1.265625,2.320625,0.125,,1,,,4.4375,0.4375,20.25,15.25,29.25,11.375,37.125,,1.0625,0.71125,10.9375,Patna Pirates,Patna Pirates
3,7,Puneri Paltan,Puneri Paltan,16,16,16,,16,,,16,16,16,16,16,16,16,,16,16,16,5,2,3,,2,,,1,3,4,5,6,1,2,,2,1,2,15.69,31.88,8,,9,,,86,13,251,206,433,187,510,,13,11.69,174,0.980625,1.9925,0.5,,0.5625,,,5.375,0.8125,15.6875,12.875,27.0625,11.6875,31.875,,0.8125,0.730625,10.875,Puneri Paltan,Puneri Paltan
3,8,Telugu Titans,Telugu Titans,14,14,14,,14,,,14,14,14,14,14,14,14,,14,14,14,2,4,4,,8,,,8,2,2,4,5,6,5,,5,6,5,18.14,30.5,8,,3,,,45,15,254,209,437,117,427,,5,8.36,101,1.2957142857142858,2.1785714285714284,0.5714285714285714,,0.2142857142857142,,,3.2142857142857144,1.0714285714285714,18.142857142857142,14.928571428571429,31.214285714285715,8.357142857142858,30.5,,0.3571428571428571,0.5971428571428571,7.214285714285714,Telugu Titans,Telugu Titans
4,1,Bengaluru Bulls,Bengaluru Bulls,14,14,14,,14,,,14,14,14,14,14,14,14,,14,14,14,8,8,3,,8,,,6,4,8,8,7,7,8,,8,6,8,14.36,25.71,8,,4,,,61,15,201,158,415,124,360,,4,8.86,109,1.0257142857142856,1.8364285714285715,0.5714285714285714,,0.2857142857142857,,,4.357142857142857,1.0714285714285714,14.357142857142858,11.285714285714286,29.642857142857142,8.857142857142858,25.714285714285715,,0.2857142857142857,0.6328571428571428,7.785714285714286,Bengaluru Bulls,Bengaluru Bulls
4,2,Dabang Delhi K.C.,Dabang Delhi K.C.,14,14,14,,14,,,14,14,14,14,14,14,14,,14,14,14,6,4,2,,1,,,1,2,6,7,8,4,5,,7,3,6,16.14,29.93,10,,11,,,86,18,226,166,412,136,419,,5,9.71,116,1.1528571428571428,2.137857142857143,0.7142857142857143,,0.7857142857142857,,,6.142857142857143,1.2857142857142858,16.142857142857142,11.857142857142858,29.428571428571427,9.714285714285714,29.928571428571427,,0.3571428571428571,0.6935714285714286,8.285714285714286,Dabang Delhi K.C.,Dabang Delhi K.C.
4,3,Jaipur Pink Panthers,Jaipur Pink Panthers,16,16,16,,16,,,16,16,16,16,16,16,16,,16,16,16,2,5,8,,5,,,2,3,2,4,4,5,4,,3,8,4,16.88,29.69,4,,6,,,78,16,270,208,451,136,475,,8,8.5,119,1.055,1.855625,0.25,,0.375,,,4.875,1,16.875,13,28.1875,8.5,29.6875,,0.5,0.53125,7.4375,Jaipur Pink Panthers,Jaipur Pink Panthers
4,4,Bengal Warriors,Bengal Warriors,14,14,14,,14,,,14,14,14,14,14,14,14,,14,14,14,7,7,5,,6,,,7,6,7,6,5,6,7,,4,5,5,14.43,27,7,,4,,,61,8,202,171,438,125,378,,7,8.93,117,1.0307142857142857,1.9285714285714288,0.5,,0.2857142857142857,,,4.357142857142857,0.5714285714285714,14.428571428571429,12.214285714285714,31.285714285714285,8.928571428571429,27,,0.5,0.6378571428571428,8.357142857142858,Bengal Warriors,Bengal Warriors
4,5,U Mumba,U Mumba,14,14,14,,14,,,14,14,14,14,14,14,14,,14,14,14,5,6,1,,7,,,8,5,5,5,6,8,6,,6,7,7,16.21,28.57,11,,4,,,42,11,227,189,418,121,400,,6,8.64,110,1.157857142857143,2.040714285714286,0.7857142857142857,,0.2857142857142857,,,3,0.7857142857142857,16.214285714285715,13.5,29.857142857142858,8.642857142857142,28.571428571428573,,0.4285714285714285,0.6171428571428572,7.857142857142857,U Mumba,U Mumba
4,6,Patna Pirates,Patna Pirates,16,16,16,,16,,,16,16,16,16,16,16,16,,16,16,16,4,3,6,,4,,,5,1,4,3,2,1,3,,5,1,2,16.5,30.75,6,,7,,,72,26,264,209,466,172,492,,7,10.75,145,1.03125,1.921875,0.375,,0.4375,,,4.5,1.625,16.5,13.0625,29.125,10.75,30.75,,0.4375,0.671875,9.0625,Patna Pirates,Patna Pirates
4,7,Puneri Paltan,Puneri Paltan,16,16,16,,16,,,16,16,16,16,16,16,16,,16,16,16,1,1,7,,2,,,3,7,1,1,1,3,1,,2,4,3,18.13,32.19,5,,10,,,76,6,290,238,491,147,515,,10,9.19,140,1.133125,2.011875,0.3125,,0.625,,,4.75,0.375,18.125,14.875,30.6875,9.1875,32.1875,,0.625,0.574375,8.75,Puneri Paltan,Puneri Paltan
4,8,Telugu Titans,Telugu Titans,16,16,16,,16,,,16,16,16,16,16,16,16,,16,16,16,3,2,4,,3,,,4,8,3,2,3,2,2,,1,2,1,16.69,31.63,8,,7,,,76,5,267,210,454,162,506,,12,10.13,157,1.043125,1.976875,0.5,,0.4375,,,4.75,0.3125,16.6875,13.125,28.375,10.125,31.625,,0.75,0.633125,9.8125,Telugu Titans,Telugu Titans
8,1,Bengaluru Bulls,Bengaluru Bulls,24,24,24,24,24,24,24,24,24,24,24,24,24,24,24,24,24,24,1,1,4,2,4,3,1,12,2,1,1,2,2,1,3,3,3,2,22.29,37.63,30,41.37,12,992,43.65,38,26,535,433,835,261,903,9.79,34,10.88,235,0.92875,1.5679166666666668,1.25,1.72375,0.5,41.333333333333336,1.81875,1.5833333333333333,1.0833333333333333,22.291666666666668,18.041666666666668,34.791666666666664,10.875,37.625,0.4079166666666666,1.4166666666666667,0.4533333333333333,9.791666666666666,Bengaluru Bulls,Bengaluru Bulls
8,2,Dabang Delhi K.C.,Dabang Delhi K.C.,24,24,24,24,24,24,24,24,24,24,24,24,24,24,24,24,24,24,4,8,5,9,7,4,3,10,11,3,2,4,11,5,11,10,11,10,21.04,33.5,28,35.26,10,977,42.37,55,11,505,414,801,200,804,7.88,25,8.33,189,0.8766666666666666,1.3958333333333333,1.1666666666666667,1.4691666666666665,0.4166666666666667,40.708333333333336,1.7654166666666666,2.2916666666666665,0.4583333333333333,21.041666666666668,17.25,33.375,8.333333333333334,33.5,0.3283333333333333,1.0416666666666667,0.3470833333333333,7.875,Dabang Delhi K.C.,Dabang Delhi K.C.
8,3,Jaipur Pink Panthers,Jaipur Pink Panthers,22,22,22,22,22,22,22,22,22,22,22,22,22,22,22,22,22,22,5,5,9,11,9,10,2,3,12,6,4,12,8,6,5,7,8,7,20.5,34.36,26,34.79,9,894,42.62,85,10,451,381,742,209,756,9.05,26,9.5,199,0.9318181818181818,1.5618181818181818,1.181818181818182,1.5813636363636363,0.4090909090909091,40.63636363636363,1.9372727272727277,3.863636363636364,0.4545454545454545,20.5,17.318181818181817,33.72727272727273,9.5,34.36363636363637,0.4113636363636364,1.181818181818182,0.4318181818181818,9.045454545454543,Jaipur Pink Panthers,Jaipur Pink Panthers
8,4,Bengal Warriors,Bengal Warriors,22,22,22,22,22,22,22,22,22,22,22,22,22,22,22,22,22,22,2,6,10,12,2,11,4,6,10,4,7,7,12,7,12,5,12,12,21.68,34.27,25,34.02,17,892,39.57,73,12,477,353,772,178,754,7.55,27,8.09,166,0.9854545454545456,1.5577272727272728,1.1363636363636365,1.5463636363636366,0.7727272727272727,40.54545454545455,1.7986363636363636,3.3181818181818183,0.5454545454545454,21.681818181818183,16.045454545454547,35.09090909090909,8.090909090909092,34.27272727272727,0.3431818181818182,1.2272727272727273,0.3677272727272727,7.545454545454546,Bengal Warriors,Bengal Warriors
8,5,U Mumba,U Mumba,22,22,22,22,22,22,22,22,22,22,22,22,22,22,22,22,22,22,11,11,7,7,10,12,7,11,3,11,10,10,7,12,8,9,7,8,19.18,32.55,28,37.16,9,876,38.7,53,22,422,339,750,216,716,8.82,25,9.82,194,0.8718181818181818,1.4795454545454545,1.2727272727272727,1.689090909090909,0.4090909090909091,39.81818181818182,1.7590909090909093,2.409090909090909,1,19.181818181818183,15.409090909090908,34.09090909090909,9.818181818181818,32.54545454545455,0.4009090909090909,1.1363636363636365,0.4463636363636363,8.818181818181818,U Mumba,U Mumba
8,6,Patna Pirates,Patna Pirates,24,24,24,24,24,24,24,24,24,24,24,24,24,24,24,24,24,24,8,2,12,1,11,2,9,2,8,5,5,11,1,2,1,1,1,1,19.54,36.5,19,46.1,9,1014,37.48,90,17,469,380,746,289,876,11.33,38,12.04,272,0.8141666666666666,1.5208333333333333,0.7916666666666666,1.9208333333333336,0.375,42.25,1.5616666666666663,3.75,0.7083333333333334,19.541666666666668,15.833333333333334,31.08333333333333,12.041666666666666,36.5,0.4720833333333333,1.5833333333333333,0.5016666666666666,11.333333333333334,Patna Pirates,Patna Pirates
8,7,Puneri Paltan,Puneri Paltan,23,23,23,23,23,23,23,23,23,23,23,23,23,23,23,23,23,23,9,4,3,5,8,5,6,1,4,7,6,5,3,4,2,4,2,3,19.52,35.39,32,38.82,10,945,39.05,102,22,449,369,792,253,814,10.04,33,11,231,0.8486956521739131,1.538695652173913,1.391304347826087,1.6878260869565218,0.4347826086956521,41.08695652173913,1.6978260869565216,4.434782608695652,0.9565217391304348,19.52173913043478,16.043478260869566,34.43478260869565,11,35.391304347826086,0.4365217391304347,1.434782608695652,0.4782608695652174,10.043478260869565,Puneri Paltan,Puneri Paltan
8,8,Telugu Titans,Telugu Titans,22,22,22,22,22,22,22,22,22,22,22,22,22,22,22,22,22,22,7,10,2,8,3,8,11,8,7,10,12,1,9,11,9,12,9,9,19.55,32.77,35,35.51,14,907,35.94,62,17,430,326,851,207,721,8.64,21,9.41,190,0.8886363636363637,1.4895454545454547,1.5909090909090908,1.614090909090909,0.6363636363636364,41.22727272727273,1.6336363636363636,2.8181818181818183,0.7727272727272727,19.545454545454547,14.818181818181818,38.68181818181818,9.409090909090908,32.77272727272727,0.3927272727272727,0.9545454545454546,0.4277272727272727,8.636363636363637,Telugu Titans,Telugu Titans
8,28,Haryana Steelers,Haryana Steelers,22,22,22,22,22,22,22,22,22,22,22,22,22,22,22,22,22,22,6,7,6,3,5,9,5,9,6,9,8,8,6,8,6,6,6,6,20,33.68,28,39.25,11,898,39.2,56,19,440,352,769,218,741,9.05,26,9.91,199,0.9090909090909092,1.530909090909091,1.2727272727272727,1.7840909090909092,0.5,40.81818181818182,1.781818181818182,2.5454545454545454,0.8636363636363636,20,16,34.95454545454545,9.909090909090908,33.68181818181818,0.4113636363636364,1.181818181818182,0.4504545454545454,9.045454545454543,Haryana Steelers,Haryana Steelers
8,29,Tamil Thalaivas,Tamil Thalaivas,22,22,22,22,22,22,22,22,22,22,22,22,22,22,22,22,22,22,12,9,1,4,12,7,12,4,9,12,11,6,5,10,4,8,4,5,18.95,33.36,36,38.83,8,919,35.58,83,15,417,327,776,227,734,9.64,25,10.32,212,0.8613636363636363,1.5163636363636364,1.6363636363636365,1.765,0.3636363636363636,41.77272727272727,1.6172727272727272,3.772727272727273,0.6818181818181818,18.954545454545453,14.863636363636363,35.27272727272727,10.318181818181818,33.36363636363637,0.4381818181818182,1.1363636363636365,0.4690909090909091,9.636363636363637,Tamil Thalaivas,Tamil Thalaivas
8,30,U.P. Yoddhas,U.P. Yoddhas,24,24,24,24,24,24,24,24,24,24,24,24,24,24,24,24,24,24,3,3,11,6,1,1,8,5,1,2,3,3,4,3,7,2,5,4,21.46,36.04,24,37.85,22,1015,38.62,78,27,515,392,832,242,865,8.96,35,10.08,215,0.8941666666666667,1.5016666666666667,1,1.5770833333333334,0.9166666666666666,42.29166666666666,1.6091666666666666,3.25,1.125,21.45833333333333,16.333333333333332,34.666666666666664,10.083333333333334,36.04166666666666,0.3733333333333333,1.4583333333333333,0.42,8.958333333333334,U.P. Yoddhas,U.P. Yoddhas
8,31,Gujarat Giants,Gujarat Giants,23,23,23,23,23,23,23,23,23,23,23,23,23,23,23,23,23,23,10,12,8,10,6,6,10,7,5,8,9,9,10,9,10,11,10,11,19.3,32.04,27,34.97,11,941,36.98,68,22,444,348,755,207,737,8.04,23,9,185,0.8391304347826087,1.3930434782608696,1.173913043478261,1.5204347826086957,0.4782608695652174,40.91304347826087,1.6078260869565215,2.9565217391304346,0.9565217391304348,19.30434782608696,15.130434782608695,32.82608695652174,9,32.04347826086956,0.3495652173913043,1,0.391304348,8.043478260869565,Gujarat Giants,Gujarat Giants
1,1,Bengaluru Bulls,Bengaluru Bulls,16,16,16,,16,,,16,16,16,16,16,16,16,,16,16,16,8,6,7,,7,,,5,6,5,6,5,2,4,,4,2,2,18.19,31.13,30,,7,,,39,10,291,230,479,163,498,,40,10.19,153,1.136875,1.945625,1.875,,0.4375,,,2.4375,0.625,18.1875,14.375,29.9375,10.1875,31.125,,2.5,0.636875,9.5625,Bengaluru Bulls,Bengaluru Bulls
1,2,Dabang Delhi K.C.,Dabang Delhi K.C.,14,14,14,,14,,,14,14,14,14,14,14,14,,14,14,14,4,4,3,,8,,,8,7,6,5,7,5,6,,5,4,5,20.36,32.57,46,,5,,,31,10,285,247,471,134,456,,36,9.57,124,1.4542857142857142,2.3264285714285715,3.2857142857142856,,0.3571428571428571,,,2.2142857142857144,0.7142857142857143,20.357142857142858,17.642857142857142,33.642857142857146,9.571428571428571,32.57142857142857,,2.571428571428572,0.6835714285714286,8.857142857142858,Dabang Delhi K.C.,Dabang Delhi K.C.
1,3,Jaipur Pink Panthers,Jaipur Pink Panthers,16,16,16,,16,,,16,16,16,16,16,16,16,,16,16,16,3,1,6,,5,,,1,4,2,3,8,1,1,,1,1,1,21.5,36.19,30,,9,,,50,12,344,281,458,170,579,,58,10.63,158,1.34375,2.261875,1.875,,0.5625,,,3.125,0.75,21.5,17.5625,28.625,10.625,36.1875,,3.625,0.664375,9.875,Jaipur Pink Panthers,Jaipur Pink Panthers
1,4,Bengal Warriors,Bengal Warriors,14,14,14,,14,,,14,14,14,14,14,14,14,,14,14,14,5,7,2,,4,,,6,2,7,7,2,6,7,,8,6,6,20.21,30.71,50,,11,,,32,16,283,220,515,122,430,,22,8.71,106,1.4435714285714287,2.1935714285714285,3.571428571428572,,0.7857142857142857,,,2.2857142857142856,1.1428571428571428,20.214285714285715,15.714285714285714,36.785714285714285,8.714285714285714,30.714285714285715,,1.5714285714285714,0.6221428571428572,7.571428571428571,Bengal Warriors,Bengal Warriors
1,5,U Mumba,U Mumba,16,16,16,,16,,,16,16,16,16,16,16,16,,16,16,16,2,3,4,,1,,,4,5,1,1,3,3,2,,3,3,3,21.69,34.38,38,,12,,,39,12,347,282,499,157,550,,42,9.81,145,1.355625,2.14875,2.375,,0.75,,,2.4375,0.75,21.6875,17.625,31.1875,9.8125,34.375,,2.625,0.613125,9.0625,U Mumba,U Mumba
1,6,Patna Pirates,Patna Pirates,16,16,16,,16,,,16,16,16,16,16,16,16,,16,16,16,6,5,5,,2,,,3,1,4,4,4,4,3,,6,5,4,19.75,31.5,34,,12,,,42,18,316,257,487,142,504,,36,8.88,124,1.234375,1.96875,2.125,,0.75,,,2.625,1.125,19.75,16.0625,30.4375,8.875,31.5,,2.25,0.555,7.75,Patna Pirates,Patna Pirates
1,7,Puneri Paltan,Puneri Paltan,14,14,14,,14,,,14,14,14,14,14,14,14,,14,14,14,7,8,1,,3,,,2,3,8,8,1,7,8,,7,7,8,19.21,28.93,52,,11,,,48,14,269,206,536,107,405,,24,7.64,93,1.372142857142857,2.0664285714285717,3.7142857142857135,,0.7857142857142857,,,3.4285714285714284,1,19.214285714285715,14.714285714285714,38.285714285714285,7.642857142857143,28.928571428571427,,1.7142857142857142,0.5457142857142857,6.642857142857143,Puneri Paltan,Puneri Paltan
1,8,Telugu Titans,Telugu Titans,14,14,14,,14,,,14,14,14,14,14,14,14,,14,14,14,1,2,8,,6,,,7,8,3,2,6,8,5,,2,8,7,24,35.5,28,,8,,,32,8,336,281,474,104,497,,50,7.43,96,1.7142857142857142,2.5357142857142856,2,,0.5714285714285714,,,2.2857142857142856,0.5714285714285714,24,20.071428571428573,33.857142857142854,7.428571428571429,35.5,,3.571428571428572,0.5307142857142857,6.857142857142857,Telugu Titans,Telugu Titans
6,1,Bengaluru Bulls,Bengaluru Bulls,24,24,24,,24,,,24,24,24,24,24,24,24,,24,24,24,1,2,9,,1,,,7,12,1,1,7,5,1,,2,7,4,22.79,36.96,24,,19,,,73,11,547,431,766,230,887,,37,9.58,219,0.9495833333333332,1.54,1,,0.7916666666666666,,,3.0416666666666665,0.4583333333333333,22.791666666666668,17.958333333333332,31.916666666666668,9.583333333333334,36.958333333333336,,1.5416666666666667,0.3991666666666666,9.125,Bengaluru Bulls,Bengaluru Bulls
6,2,Dabang Delhi K.C.,Dabang Delhi K.C.,24,24,24,,24,,,24,24,24,24,24,24,24,,24,24,24,4,5,6,,10,,,8,5,3,3,3,8,4,,4,9,7,20.13,34.25,28,,9,,,73,18,483,401,824,216,822,,34,9,198,0.83875,1.4270833333333333,1.1666666666666667,,0.375,,,3.0416666666666665,0.75,20.125,16.708333333333332,34.333333333333336,9,34.25,,1.4166666666666667,0.375,8.25,Dabang Delhi K.C.,Dabang Delhi K.C.
6,3,Jaipur Pink Panthers,Jaipur Pink Panthers,22,22,22,,22,,,22,22,22,22,22,22,22,,22,22,22,9,8,2,,4,,,5,4,10,10,5,6,9,,8,5,5,18.86,32.32,32,,13,,,75,23,415,334,780,225,711,,22,10.23,202,0.8572727272727273,1.469090909090909,1.4545454545454546,,0.5909090909090909,,,3.409090909090909,1.0454545454545454,18.863636363636363,15.181818181818182,35.45454545454545,10.227272727272728,32.31818181818182,,1,0.465,9.181818181818182,Jaipur Pink Panthers,Jaipur Pink Panthers
6,4,Bengal Warriors,Bengal Warriors,23,23,23,,23,,,23,23,23,23,23,23,23,,23,23,23,8,9,10,,2,,,4,10,8,9,9,10,7,,7,11,9,18.96,31.52,23,,15,,,85,14,436,340,734,200,725,,23,8.7,186,0.8243478260869566,1.3704347826086956,1,,0.6521739130434783,,,3.695652173913043,0.6086956521739131,18.956521739130437,14.782608695652174,31.91304347826087,8.695652173913043,31.52173913043478,,1,0.3782608695652174,8.086956522,Bengal Warriors,Bengal Warriors
6,5,U Mumba,U Mumba,23,23,23,,23,,,23,23,23,23,23,23,23,,23,23,23,5,1,12,,3,,,1,8,5,5,12,1,3,,1,1,1,19.96,37.22,16,,14,,,89,15,459,372,672,289,856,,41,12.57,274,0.8678260869565217,1.6182608695652174,0.6956521739130435,,0.6086956521739131,,,3.869565217391304,0.6521739130434783,19.956521739130437,16.17391304347826,29.217391304347824,12.565217391304348,37.21739130434783,,1.7826086956521738,0.5465217391304348,11.91304347826087,U Mumba,U Mumba
6,6,Patna Pirates,Patna Pirates,22,22,22,,22,,,22,22,22,22,22,22,22,,22,22,22,2,3,3,,6,,,11,9,2,2,2,9,6,,5,8,10,22.55,36.32,30,,11,,,54,15,496,406,835,201,799,,30,9.14,186,1.025,1.6509090909090909,1.3636363636363635,,0.5,,,2.4545454545454546,0.6818181818181818,22.545454545454547,18.454545454545453,37.95454545454545,9.136363636363637,36.31818181818182,,1.3636363636363635,0.4154545454545454,8.454545454545455,Patna Pirates,Patna Pirates
6,7,Puneri Paltan,Puneri Paltan,22,22,22,,22,,,22,22,22,22,22,22,22,,22,22,22,12,11,5,,12,,,9,2,12,12,11,7,11,,12,6,8,15.73,29.5,29,,6,,,72,30,346,286,694,219,649,,14,9.95,189,0.715,1.3409090909090908,1.318181818181818,,0.2727272727272727,,,3.272727272727273,1.3636363636363635,15.727272727272728,13,31.545454545454547,9.954545454545457,29.5,,0.6363636363636364,0.4522727272727272,8.590909090909092,Puneri Paltan,Puneri Paltan
6,8,Telugu Titans,Telugu Titans,22,22,22,,22,,,22,22,22,22,22,22,22,,22,22,22,11,12,8,,9,,,3,1,11,11,10,4,12,,10,4,6,16.05,29.41,25,,9,,,85,31,353,289,702,233,647,,18,10.59,202,0.7295454545454546,1.336818181818182,1.1363636363636365,,0.4090909090909091,,,3.863636363636364,1.4090909090909092,16.045454545454547,13.136363636363637,31.90909090909091,10.590909090909092,29.40909090909091,,0.8181818181818182,0.4813636363636364,9.181818181818182,Telugu Titans,Telugu Titans
6,28,Haryana Steelers,Haryana Steelers,22,22,22,,22,,,22,22,22,22,22,22,22,,22,22,22,3,6,1,,5,,,12,11,7,6,4,11,8,,11,10,11,20.32,32.5,33,,12,,,44,13,447,361,806,193,715,,16,8.77,180,0.9236363636363636,1.4772727272727273,1.5,,0.5454545454545454,,,2,0.5909090909090909,20.318181818181817,16.40909090909091,36.63636363636363,8.772727272727273,32.5,,0.7272727272727273,0.3986363636363636,8.181818181818182,Haryana Steelers,Haryana Steelers
6,29,Tamil Thalaivas,Tamil Thalaivas,22,22,22,,22,,,22,22,22,22,22,22,22,,22,22,22,7,10,7,,11,,,10,7,9,8,8,12,10,,9,12,12,19.05,30.5,27,,7,,,67,15,419,345,741,189,671,,20,8.59,173,0.865909091,1.3863636363636365,1.2272727272727273,,0.3181818181818182,,,3.0454545454545454,0.6818181818181818,19.045454545454547,15.681818181818182,33.68181818181818,8.590909090909092,30.5,,0.9090909090909092,0.3904545454545454,7.863636363636363,Tamil Thalaivas,Tamil Thalaivas
6,30,U.P. Yoddha,U.P. Yoddha,25,25,25,,25,,,25,25,25,25,25,25,25,,25,25,25,10,7,4,,7,,,2,3,6,7,1,3,5,,6,3,3,17.96,32.48,30,,10,,,86,25,449,357,847,265,812,,26,10.6,240,0.7184,1.2992,1.2,,0.4,,,3.44,1,17.96,14.28,33.88,10.6,32.48,,1.04,0.424,9.6,U.P. Yoddha,U.P. Yoddha
6,31,Gujarat Giants,Gujarat Giants,25,25,25,,25,,,25,25,25,25,25,25,25,,25,25,25,6,4,11,,8,,,6,6,4,4,6,2,2,,3,2,2,19.2,35.04,20,,10,,,74,16,480,392,769,274,876,,36,10.96,258,0.768,1.4016,0.8,,0.4,,,2.96,0.64,19.2,15.68,30.76,10.96,35.04,,1.44,0.4384,10.32,Gujarat Giants,Gujarat Giants
7,1,Bengaluru Bulls,Bengaluru Bulls,24,24,24,,24,,,24,24,24,24,24,24,24,,24,24,24,1,3,3,,4,,,11,4,1,3,1,5,3,,7,9,8,22.21,36.17,33,,13,,,54,26,533,412,855,232,868,,30,9.67,206,0.9254166666666668,1.507083333333333,1.375,,0.5416666666666666,,,2.25,1.0833333333333333,22.20833333333333,17.166666666666668,35.625,9.666666666666666,36.16666666666666,,1.25,0.4029166666666666,8.583333333333334,Bengaluru Bulls,Bengaluru Bulls
7,2,Dabang Delhi K.C.,Dabang Delhi K.C.,24,24,24,,24,,,24,24,24,24,24,24,24,,24,24,24,2,1,9,,8,,,9,12,2,1,2,11,1,,2,11,5,22.17,37.08,26,,8,,,58,8,532,431,823,222,890,,40,9.25,214,0.92375,1.545,1.0833333333333333,,0.3333333333333333,,,2.4166666666666665,0.3333333333333333,22.166666666666668,17.958333333333332,34.291666666666664,9.25,37.083333333333336,,1.6666666666666667,0.3854166666666667,8.916666666666666,Dabang Delhi K.C.,Dabang Delhi K.C.
7,3,Jaipur Pink Panthers,Jaipur Pink Panthers,22,22,22,,22,,,22,22,22,22,22,22,22,,22,22,22,10,10,10,,5,,,1,1,10,12,11,3,10,,10,3,7,17.5,31.82,25,,11,,,80,31,385,295,713,240,700,,20,10.91,209,0.7954545454545454,1.4463636363636363,1.1363636363636365,,0.5,,,3.636363636363636,1.4090909090909092,17.5,13.409090909090908,32.40909090909091,10.909090909090908,31.818181818181817,,0.9090909090909092,0.4959090909090909,9.5,Jaipur Pink Panthers,Jaipur Pink Panthers
7,4,Bengal Warriors,Bengal Warriors,24,24,24,,24,,,24,24,24,24,24,24,24,,24,24,24,3,2,12,,1,,,8,11,3,2,6,6,2,,1,10,3,21.38,36.17,23,,15,,,62,12,513,414,790,229,868,,41,9.54,217,0.8908333333333333,1.507083333333333,0.9583333333333334,,0.625,,,2.583333333333333,0.5,21.375,17.25,32.916666666666664,9.541666666666666,36.16666666666666,,1.7083333333333333,0.3974999999999999,9.041666666666666,Bengal Warriors,Bengal Warriors
7,5,U Mumba,U Mumba,24,24,24,,24,,,24,24,24,24,24,24,24,,24,24,24,8,9,7,,7,,,3,8,6,7,10,4,5,,5,8,4,18.25,32.71,27,,9,,,79,17,438,350,732,233,785,,33,9.71,216,0.7604166666666666,1.3629166666666668,1.125,,0.375,,,3.2916666666666665,0.7083333333333334,18.25,14.583333333333334,30.5,9.708333333333334,32.708333333333336,,1.375,0.4045833333333333,9,U Mumba,U Mumba
7,6,Patna Pirates,Patna Pirates,22,22,22,,22,,,22,22,22,22,22,22,22,,22,22,22,5,4,8,,3,,,4,2,5,6,9,7,6,,3,4,11,20.32,35.18,26,,14,,,78,29,447,354,745,225,774,,34,10.23,196,0.9236363636363636,1.5990909090909091,1.181818181818182,,0.6363636363636364,,,3.5454545454545454,1.318181818181818,20.318181818181817,16.09090909090909,33.86363636363637,10.227272727272728,35.18181818181818,,1.5454545454545454,0.465,8.909090909090908,Patna Pirates,Patna Pirates
7,7,Puneri Paltan,Puneri Paltan,22,22,22,,22,,,22,22,22,22,22,22,22,,22,22,22,7,6,1,,9,,,6,3,8,8,3,1,8,,9,1,2,18.59,33.82,37,,8,,,64,29,409,329,816,264,744,,22,12,235,0.845,1.5372727272727271,1.681818181818182,,0.3636363636363636,,,2.909090909090909,1.318181818181818,18.59090909090909,14.954545454545457,37.09090909090909,12,33.81818181818182,,1,0.5454545454545454,10.681818181818182,Puneri Paltan,Puneri Paltan
7,8,Telugu Titans,Telugu Titans,22,22,22,,22,,,22,22,22,22,22,22,22,,22,22,22,6,8,2,,6,,,12,5,7,5,5,10,9,,11,6,10,19.82,32.95,33,,11,,,49,24,436,355,792,224,725,,18,10.18,200,0.9009090909090908,1.4977272727272728,1.5,,0.5,,,2.227272727272727,1.0909090909090908,19.818181818181817,16.136363636363637,36,10.181818181818182,32.95454545454545,,0.8181818181818182,0.4627272727272727,9.090909090909092,Telugu Titans,Telugu Titans
7,28,Haryana Steelers,Haryana Steelers,23,23,23,,23,,,23,23,23,23,23,23,23,,23,23,23,4,5,6,,2,,,5,9,4,4,4,8,4,,4,7,6,21.3,35.17,28,,15,,,76,15,490,377,802,225,809,,33,9.78,210,0.9260869565217392,1.529130434782609,1.2173913043478262,,0.6521739130434783,,,3.3043478260869565,0.6521739130434783,21.30434782608696,16.391304347826086,34.869565217391305,9.782608695652174,35.17391304347826,,1.434782608695652,0.4252173913043478,9.130434782608695,Haryana Steelers,Haryana Steelers
7,29,Tamil Thalaivas,Tamil Thalaivas,22,22,22,,22,,,22,22,22,22,22,22,22,,22,22,22,11,12,4,,12,,,10,10,11,10,8,12,12,,12,12,12,17.18,29.18,31,,4,,,58,15,378,308,761,192,642,,15,8.73,177,0.7809090909090909,1.3263636363636364,1.4090909090909092,,0.1818181818181818,,,2.636363636363636,0.6818181818181818,17.181818181818183,14,34.59090909090909,8.727272727272727,29.181818181818183,,0.6818181818181818,0.3968181818181818,8.045454545454545,Tamil Thalaivas,Tamil Thalaivas
7,30,U.P. Yoddha,U.P. Yoddha,23,23,23,,23,,,23,23,23,23,23,23,23,,23,23,23,9,7,5,,11,,,2,6,9,9,7,2,7,,6,2,1,17.74,33.48,29,,6,,,80,19,408,328,764,260,770,,32,11.3,241,0.7713043478260869,1.4556521739130432,1.2608695652173914,,0.2608695652173913,,,3.4782608695652173,0.8260869565217391,17.73913043478261,14.26086956521739,33.21739130434783,11.304347826086955,33.47826086956522,,1.391304347826087,0.491304348,10.478260869565217,U.P. Yoddha,U.P. Yoddha
7,31,Gujarat Giants,Gujarat Giants,22,22,22,,22,,,22,22,22,22,22,22,22,,22,22,22,12,11,11,,10,,,7,7,12,11,12,9,11,,8,5,9,16.91,31.18,25,,7,,,63,19,372,305,668,224,686,,25,10.18,205,0.7686363636363637,1.4172727272727272,1.1363636363636365,,0.3181818181818182,,,2.863636363636364,0.8636363636363636,16.90909090909091,13.863636363636363,30.363636363636363,10.181818181818182,31.181818181818183,,1.1363636363636365,0.4627272727272727,9.318181818181818,Gujarat Giants,Gujarat Giants
9,1,Bengaluru Bulls,Bengaluru Bulls,24,24,24,24,24,24,24,24,24,24,24,24,24,24,24,24,24,24,3,3,3,5,2,2,3,9,7,1,1,2,3,2,4,2,5,4,22.92,39.42,36,38.88,20,1028,42.8,60,18,550,440,895,254,946,9.83,45,10.58,236,0.955,1.6425,1.5,1.62,0.8333333333333334,42.833333333333336,1.7833333333333332,2.5,0.75,22.916666666666668,18.33333333333333,37.29166666666666,10.583333333333334,39.41666666666666,0.4095833333333333,1.875,0.4408333333333333,9.833333333333334,Bengaluru Bulls,Bengaluru Bulls
9,2,Dabang Delhi K.C.,Dabang Delhi K.C.,23,23,23,23,23,23,23,23,23,23,23,23,23,23,23,23,23,23,2,2,2,10,5,6,2,10,5,3,2,1,6,3,6,6,4,5,23.57,39.61,41,33.84,13,974,44.56,59,22,542,434,926,245,911,9.7,34,10.65,223,1.0247826086956522,1.7221739130434783,1.7826086956521738,1.4713043478260872,0.5652173913043478,42.34782608695652,1.937391304347826,2.565217391304348,0.9565217391304348,23.565217391304348,18.869565217391305,40.26086956521739,10.652173913043478,39.60869565217392,0.4217391304347825,1.4782608695652173,0.4630434782608695,9.695652173913045,Dabang Delhi K.C.,Dabang Delhi K.C.
9,3,Jaipur Pink Panthers,Jaipur Pink Panthers,24,24,24,24,24,24,24,24,24,24,24,24,24,24,24,24,24,24,6,1,12,1,8,3,4,6,9,4,3,10,1,1,1,1,1,1,21.63,39.83,18,46.36,11,1018,42.44,70,16,519,432,758,290,956,11.42,48,12.08,274,0.90125,1.6595833333333332,0.75,1.9316666666666664,0.4583333333333333,42.41666666666666,1.768333333333333,2.9166666666666665,0.6666666666666666,21.625,18,31.58333333333333,12.083333333333334,39.833333333333336,0.4758333333333333,2,0.5033333333333333,11.416666666666666,Jaipur Pink Panthers,Jaipur Pink Panthers
9,4,Bengal Warriors,Bengal Warriors,22,22,22,22,22,22,22,22,22,22,22,22,22,22,22,22,22,22,4,6,6,7,1,11,5,8,11,7,8,6,9,8,8,7,10,8,22.23,36.55,32,37.36,22,924,40.91,60,10,489,378,816,214,804,9.27,30,9.73,204,1.0104545454545455,1.6613636363636362,1.4545454545454546,1.6981818181818182,1,42,1.8595454545454544,2.727272727272727,0.4545454545454545,22.227272727272727,17.181818181818183,37.09090909090909,9.727272727272728,36.54545454545455,0.4213636363636363,1.3636363636363635,0.4422727272727273,9.272727272727272,Bengal Warriors,Bengal Warriors
9,5,U Mumba,U Mumba,22,22,22,22,22,22,22,22,22,22,22,22,22,22,22,22,22,22,11,11,10,2,7,12,11,4,2,11,12,12,5,11,5,11,3,6,17.45,32.5,27,42.94,12,922,31.89,75,30,384,294,743,246,715,9.82,23,11.18,216,0.7931818181818181,1.4772727272727273,1.2272727272727273,1.9518181818181817,0.5454545454545454,41.90909090909091,1.4495454545454545,3.409090909090909,1.3636363636363635,17.454545454545453,13.363636363636363,33.77272727272727,11.181818181818182,32.5,0.4463636363636363,1.0454545454545454,0.5081818181818182,9.818181818181818,U Mumba,U Mumba
9,6,Patna Pirates,Patna Pirates,22,22,22,22,22,22,22,22,22,22,22,22,22,22,22,22,22,22,10,10,4,9,11,7,10,1,6,10,10,9,10,10,9,9,9,10,19,32.86,34,36.5,9,953,35.99,107,18,418,343,781,214,723,8.91,28,9.73,196,0.8636363636363636,1.4936363636363637,1.5454545454545454,1.6590909090909092,0.4090909090909091,43.31818181818182,1.635909090909091,4.863636363636363,0.8181818181818182,19,15.590909090909092,35.5,9.727272727272728,32.86363636363637,0.405,1.2727272727272727,0.4422727272727273,8.909090909090908,Patna Pirates,Patna Pirates
9,7,Puneri Paltan,Puneri Paltan,24,24,24,24,24,24,24,24,24,24,24,24,24,24,24,24,24,24,7,7,11,3,10,4,6,3,10,5,5,8,4,4,3,3,6,3,21.13,36.33,26,40.61,11,1006,40.85,80,14,507,411,808,252,872,9.92,38,10.5,238,0.8804166666666666,1.51375,1.0833333333333333,1.6920833333333334,0.4583333333333333,41.91666666666666,1.7020833333333334,3.333333333333333,0.5833333333333334,21.125,17.125,33.666666666666664,10.5,36.333333333333336,0.4133333333333333,1.5833333333333333,0.4375,9.916666666666666,Puneri Paltan,Puneri Paltan
9,8,Telugu Titans,Telugu Titans,22,22,22,22,22,22,22,22,22,22,22,22,22,22,22,22,22,22,12,12,1,12,12,8,12,11,1,12,11,3,11,12,12,12,11,12,17.09,28.77,48,30,6,939,31.63,57,37,376,297,878,202,633,7.5,11,9.18,165,0.7768181818181819,1.3077272727272726,2.1818181818181817,1.3636363636363635,0.2727272727272727,42.68181818181818,1.4377272727272727,2.590909090909091,1.681818181818182,17.09090909090909,13.5,39.90909090909091,9.181818181818182,28.772727272727277,0.3409090909090909,0.5,0.4172727272727272,7.5,Telugu Titans,Telugu Titans
9,28,Haryana Steelers,Haryana Steelers,22,22,22,22,22,22,22,22,22,22,22,22,22,22,22,22,22,22,8,9,9,4,6,10,8,12,8,9,9,11,8,9,7,10,7,7,20.82,35,29,39.06,13,928,38.69,50,17,458,359,754,224,770,9.41,25,10.18,207,0.9463636363636364,1.5909090909090908,1.318181818181818,1.7754545454545456,0.5909090909090909,42.18181818181818,1.7586363636363636,2.272727272727273,0.7727272727272727,20.818181818181817,16.318181818181817,34.27272727272727,10.181818181818182,35,0.4277272727272727,1.1363636363636365,0.4627272727272727,9.409090909090908,Haryana Steelers,Haryana Steelers
9,29,Tamil Thalaivas,Tamil Thalaivas,24,24,24,24,24,24,24,24,24,24,24,24,24,24,24,24,24,24,9,8,5,6,9,1,9,2,3,8,7,4,2,6,2,8,2,2,20.29,35.54,33,37.44,11,1041,36.7,98,28,487,382,850,271,853,10.13,30,11.29,243,0.8454166666666666,1.4808333333333332,1.375,1.5599999999999998,0.4583333333333333,43.375,1.5291666666666668,4.083333333333333,1.1666666666666667,20.291666666666668,15.916666666666666,35.416666666666664,11.291666666666666,35.541666666666664,0.4220833333333333,1.25,0.4704166666666666,10.125,Tamil Thalaivas,Tamil Thalaivas
9,30,U.P. Yoddhas,U.P. Yoddhas,23,23,23,23,23,23,23,23,23,23,23,23,23,23,23,23,23,23,5,5,8,8,3,5,7,5,4,6,6,7,7,5,10,4,8,9,21.91,37.13,29,36.79,20,974,39.43,70,22,504,384,812,224,854,8.78,37,9.74,202,0.952608696,1.6143478260869566,1.2608695652173914,1.5995652173913044,0.8695652173913043,42.34782608695652,1.7143478260869565,3.0434782608695654,0.9565217391304348,21.91304347826087,16.695652173913043,35.30434782608695,9.739130435,37.130434782608695,0.3817391304347826,1.608695652173913,0.4234782608695652,8.782608695652174,U.P. Yoddhas,U.P. Yoddhas
9,31,Gujarat Giants,Gujarat Giants,22,22,22,22,22,22,22,22,22,22,22,22,22,22,22,22,22,22,1,4,7,11,4,9,1,7,12,2,4,5,12,7,11,5,12,11,24.95,37.86,30,32.66,16,935,44.92,63,3,549,420,849,180,833,8.05,34,8.18,177,1.134090909090909,1.720909090909091,1.3636363636363635,1.4845454545454544,0.7272727272727273,42.5,2.041818181818182,2.863636363636364,0.1363636363636363,24.954545454545453,19.09090909090909,38.59090909090909,8.181818181818182,37.86363636363637,0.3659090909090909,1.5454545454545454,0.3718181818181818,8.045454545454545,Gujarat Giants,Gujarat Giants
10,1,Bengaluru Bulls,Bengaluru Bulls,22,22,22,22,22,22,22,22,22,22,22,22,22,22,22,22,22,22,11,12,6,3,2,11,11,8,9,12,12,7,7,12,4,9,5,6,18.45,33.36,31,43.74,16,956,32.53,72,19,406,311,801,246,734,10.32,25,11.18,227,0.8386363636363636,1.5163636363636364,1.4090909090909092,1.9881818181818185,0.7272727272727273,43.45454545454545,1.4786363636363635,3.272727272727273,0.8636363636363636,18.454545454545453,14.136363636363637,36.40909090909091,11.181818181818182,33.36363636363637,0.4690909090909091,1.1363636363636365,0.5081818181818182,10.318181818181818,Bengaluru Bulls,Bengaluru Bulls
10,2,Dabang Delhi K.C.,Dabang Delhi K.C.,23,23,23,23,23,23,23,23,23,23,23,23,23,23,23,23,23,23,4,8,7,7,4,7,2,5,11,5,3,9,8,6,8,3,9,8,20.61,36.04,28,39.12,13,975,40,74,18,474,390,778,239,829,9.61,34,10.39,221,0.8960869565217391,1.5669565217391304,1.2173913043478262,1.7008695652173913,0.5652173913043478,42.391304347826086,1.7391304347826086,3.217391304347826,0.782608696,20.60869565217391,16.956521739130434,33.82608695652174,10.391304347826088,36.04347826086956,0.4178260869565217,1.4782608695652173,0.4517391304347826,9.608695652173912,Dabang Delhi K.C.,Dabang Delhi K.C.
10,3,Jaipur Pink Panthers,Jaipur Pink Panthers,23,23,23,23,23,23,23,23,23,23,23,23,23,23,23,23,23,23,5,5,11,6,5,5,6,3,3,6,6,11,5,4,6,2,4,5,20.17,36.65,20,41.64,13,984,37.5,84,31,464,369,706,260,843,9.96,35,11.3,229,0.8769565217391305,1.5934782608695652,0.8695652173913043,1.8104347826086955,0.5652173913043478,42.78260869565217,1.6304347826086956,3.652173913043478,1.3478260869565215,20.17391304347826,16.043478260869566,30.695652173913043,11.304347826086955,36.65217391304348,0.4330434782608696,1.5217391304347827,0.491304348,9.956521739130435,Jaipur Pink Panthers,Jaipur Pink Panthers
10,4,Bengal Warriors,Bengal Warriors,22,22,22,22,22,22,22,22,22,22,22,22,22,22,22,22,22,22,1,3,2,12,6,12,1,12,12,1,4,4,12,7,12,8,12,12,22.91,37.27,39,33.86,12,949,40.67,53,12,504,386,863,204,820,8.73,31,9.27,192,1.0413636363636365,1.694090909090909,1.7727272727272727,1.539090909090909,0.5454545454545454,43.13636363636363,1.848636363636364,2.409090909090909,0.5454545454545454,22.90909090909091,17.545454545454547,39.22727272727273,9.272727272727272,37.27272727272727,0.3968181818181818,1.4090909090909092,0.4213636363636363,8.727272727272727,Bengal Warriors,Bengal Warriors
10,5,U Mumba,U Mumba,22,22,22,22,22,22,22,22,22,22,22,22,22,22,22,22,22,22,2,7,5,10,9,10,3,10,4,4,7,3,10,8,11,10,10,11,22.09,36.18,34,35.16,10,956,38.39,61,28,486,367,875,227,796,9.05,23,10.32,199,1.0040909090909091,1.6445454545454543,1.5454545454545454,1.598181818181818,0.4545454545454545,43.45454545454545,1.745,2.772727272727273,1.2727272727272727,22.09090909090909,16.681818181818183,39.77272727272727,10.318181818181818,36.18181818181818,0.4113636363636364,1.0454545454545454,0.4690909090909091,9.045454545454543,U Mumba,U Mumba
10,6,Patna Pirates,Patna Pirates,24,24,24,24,24,24,24,24,24,24,24,24,24,24,24,24,24,24,3,6,8,8,10,2,4,2,6,2,1,6,4,3,5,4,6,4,20.63,36.42,27,38.66,10,1043,38.35,91,24,495,400,838,266,874,10.08,34,11.08,242,0.8595833333333333,1.5175,1.125,1.6108333333333331,0.4166666666666667,43.458333333333336,1.5979166666666669,3.7916666666666665,1,20.625,16.666666666666668,34.916666666666664,11.083333333333334,36.41666666666666,0.42,1.4166666666666667,0.4616666666666666,10.083333333333334,Patna Pirates,Patna Pirates
10,7,Puneri Paltan,Puneri Paltan,24,24,24,24,24,24,24,24,24,24,24,24,24,24,24,24,24,24,9,1,12,1,11,3,5,1,10,7,2,12,1,1,1,1,1,1,19.33,39.58,14,54.71,10,1022,38.26,102,18,464,391,678,349,950,13.79,46,14.54,331,0.8054166666666666,1.649166666666667,0.5833333333333334,2.279583333333333,0.4166666666666667,42.583333333333336,1.5941666666666665,4.25,0.75,19.33333333333333,16.291666666666668,28.25,14.541666666666666,39.583333333333336,0.5745833333333333,1.9166666666666667,0.6058333333333333,13.791666666666666,Puneri Paltan,Puneri Paltan
10,8,Telugu Titans,Telugu Titans,22,22,22,22,22,22,22,22,22,22,22,22,22,22,22,22,22,22,10,11,1,11,7,4,12,9,7,11,11,1,9,11,9,12,8,9,18.77,33.45,53,34.72,12,1002,31.14,64,23,413,312,979,232,736,9.5,19,10.55,209,0.8531818181818182,1.5204545454545455,2.409090909090909,1.578181818181818,0.5454545454545454,45.54545454545455,1.4154545454545455,2.909090909090909,1.0454545454545454,18.772727272727277,14.181818181818182,44.5,10.545454545454543,33.45454545454545,0.4318181818181818,0.8636363636363636,0.4795454545454545,9.5,Telugu Titans,Telugu Titans
10,28,Haryana Steelers,Haryana Steelers,25,25,25,25,25,25,25,25,25,25,25,25,25,25,25,25,25,25,8,4,4,4,3,1,8,6,1,3,5,2,2,2,3,7,3,2,19.68,36.8,35,43.66,16,1088,34.74,73,33,492,378,915,329,920,11.84,31,13.16,296,0.7872,1.472,1.4,1.7464,0.64,43.52,1.3896000000000002,2.92,1.32,19.68,15.12,36.6,13.16,36.8,0.4736,1.24,0.5264,11.84,Haryana Steelers,Haryana Steelers
10,29,Tamil Thalaivas,Tamil Thalaivas,22,22,22,22,22,22,22,22,22,22,22,22,22,22,22,22,22,22,6,2,9,2,12,8,7,7,2,8,8,8,3,5,2,5,2,3,20.14,37.82,24,43.93,8,974,37.47,73,31,443,365,800,295,832,12,34,13.41,264,0.9154545454545456,1.719090909090909,1.0909090909090908,1.9968181818181816,0.3636363636363636,44.27272727272727,1.703181818181818,3.3181818181818183,1.4090909090909092,20.13636363636364,16.59090909090909,36.36363636363637,13.409090909090908,37.81818181818182,0.5454545454545454,1.5454545454545454,0.6095454545454545,12,Tamil Thalaivas,Tamil Thalaivas
10,30,U.P. Yoddhas,U.P. Yoddhas,22,22,22,22,22,22,22,22,22,22,22,22,22,22,22,22,22,22,7,10,3,9,8,6,9,11,5,9,9,5,11,10,10,11,11,10,19.73,33.77,39,36.83,10,981,34.45,60,24,434,338,859,224,743,9.09,23,10.18,200,0.8968181818181818,1.535,1.7727272727272727,1.674090909090909,0.4545454545454545,44.59090909090909,1.5659090909090911,2.727272727272727,1.0909090909090908,19.727272727272727,15.363636363636363,39.04545454545455,10.181818181818182,33.77272727272727,0.4131818181818181,1.0454545454545454,0.4627272727272727,9.090909090909092,U.P. Yoddhas,U.P. Yoddhas
10,31,Gujarat Giants,Gujarat Giants,23,23,23,23,23,23,23,23,23,23,23,23,23,23,23,23,23,23,12,9,10,5,1,9,10,4,8,10,10,10,6,9,7,6,7,7,18.35,34.13,23,41.77,18,974,34.09,83,23,422,332,770,249,785,9.83,32,10.83,226,0.7978260869565218,1.483913043478261,1,1.8160869565217392,0.782608696,42.34782608695652,1.4821739130434783,3.608695652173913,1,18.347826086956523,14.434782608695652,33.47826086956522,10.826086956521738,34.130434782608695,0.4273913043478261,1.391304347826087,0.4708695652173913,9.826086956521738,Gujarat Giants,Gujarat Giants
all,1,Bengaluru Bulls,Bengaluru Bulls,200,200,200,,200,,,200,200,200,200,200,200,200,,200,200,200,5,4,3,,3,,,7,6,2,2,4,4,2,,2,9,4,19.58,33.77,252,,115,,,639,154,3916,3109,6647,1978,6755,,265,9.89,1822,0.0979,0.16885,1.26,,0.575,,,3.195,0.77,19.58,15.545,33.235,9.89,33.775,,1.325,0.04945,9.11,Bengaluru Bulls,Bengaluru Bulls
all,2,Dabang Delhi K.C.,Dabang Delhi K.C.,196,196,196,,196,,,196,196,196,196,196,196,196,,196,196,196,4,7,2,,7,,,6,7,3,3,3,7,5,,6,11,7,19.6,33.2,273,,94,,,643,142,3841,3099,6756,1810,6508,,240,9.23,1664,0.1,0.1693877551020408,1.3928571428571428,,0.4795918367346938,,,3.2806122448979598,0.7244897959183674,19.596938775510203,15.81122448979592,34.46938775510204,9.234693878,33.204081632653065,,1.2244897959183674,0.047091837,8.489795918367347,Dabang Delhi K.C.,Dabang Delhi K.C.
all,3,Jaipur Pink Panthers,Jaipur Pink Panthers,195,195,195,,195,,,195,195,195,195,195,195,195,,195,195,195,11,8,8,,4,,,3,4,6,5,8,5,6,,5,7,5,18.59,33.11,211,,98,,,710,182,3626,2917,6156,1961,6457,,247,10.06,1776,0.095333333,0.1697948717948718,1.082051282051282,,0.5025641025641026,,,3.641025641025641,0.9333333333333332,18.59487179,14.95897435897436,31.56923076923077,10.056410256410256,33.11282051282051,,1.2666666666666666,0.051589744,9.107692307692307,Jaipur Pink Panthers,Jaipur Pink Panthers
all,4,Bengal Warriors,Bengal Warriors,195,195,195,,195,,,195,195,195,195,195,195,195,,195,195,195,6,11,4,,1,,,5,9,4,4,5,8,7,,7,12,8,19.45,32.58,246,,120,,,643,129,3793,2986,6565,1752,6354,,228,8.98,1622,0.09974359,0.167076923,1.2615384615384615,,0.6153846153846154,,,3.2974358974358973,0.6615384615384615,19.45128205128205,15.312820512820512,33.666666666666664,8.984615384615385,32.58461538461538,,1.1692307692307693,0.046051282,8.317948717948719,Bengal Warriors,Bengal Warriors
all,5,U Mumba,U Mumba,197,197,197,,197,,,197,197,197,197,197,197,197,,197,197,197,10,9,6,,8,,,4,3,5,6,7,3,4,,4,2,3,18.64,33.08,234,,94,,,654,183,3672,2907,6270,2056,6516,,249,10.44,1873,0.094619289,0.1679187817258883,1.1878172588832487,,0.4771573604060913,,,3.3197969543147208,0.9289340101522844,18.639593908629443,14.756345177664974,31.82741116751269,10.436548223350254,33.076142131979694,,1.263959390862944,0.052994924,9.507614213,U Mumba,U Mumba
all,6,Patna Pirates,Patna Pirates,204,204,204,,204,,,204,204,204,204,204,204,204,,204,204,204,1,1,7,,2,,,2,1,1,1,1,2,1,,1,3,2,20.07,34.96,228,,118,,,763,192,4094,3264,6775,2110,7131,,299,10.34,1915,0.098382353,0.1713725490196078,1.1176470588235294,,0.5784313725490197,,,3.7401960784313726,0.9411764705882352,20.068627450980397,16,33.21078431372549,10.34313725490196,34.955882352941174,,1.4656862745098038,0.050686275,9.387254901960784,Patna Pirates,Patna Pirates
all,7,Puneri Paltan,Puneri Paltan,199,199,199,,199,,,199,199,199,199,199,199,199,,199,199,199,12,6,5,,6,,,1,5,8,7,6,1,3,,3,1,1,18.03,33.25,238,,95,,,805,175,3587,2903,6396,2166,6616,,255,10.88,1987,0.090603015,0.1670854271356784,1.1959798994974875,,0.4773869346733668,,,4.045226130653266,0.8793969849246231,18.025125628140703,14.587939698492464,32.14070351758794,10.884422110552764,33.246231155778894,,1.2814070351758795,0.054673367,9.984924623115578,Puneri Paltan,Puneri Paltan
all,8,Telugu Titans,Telugu Titans,192,192,192,,192,,,192,192,192,192,192,192,192,,192,192,192,9,12,1,,5,,,8,2,7,8,2,6,8,,8,10,6,18.8,32.15,279,,96,,,620,190,3609,2877,6758,1863,6173,,198,9.7,1669,0.097916667,0.1674479166666666,1.453125,,0.5,,,3.2291666666666665,0.9895833333333334,18.796875,14.984375,35.197916666666664,9.703125,32.151041666666664,,1.03125,0.050520833,8.692708333333334,Telugu Titans,Telugu Titans
all,28,Haryana Steelers,Haryana Steelers,137,137,137,,137,,,137,137,137,137,137,137,137,,137,137,137,2,3,11,,10,,,12,11,10,10,10,10,11,,11,4,9,19.93,34.18,176,,79,,,404,118,2731,2148,4772,1416,4682,,158,10.34,1298,0.1454744525547445,0.2494890510948905,1.284671532846715,,0.5766423357664233,,,2.948905109489051,0.8613138686131386,19.934306569343065,15.67883211678832,34.832116788321166,10.335766423357663,34.175182481751825,,1.1532846715328466,0.075474453,9.474452554744524,Haryana Steelers,Haryana Steelers
all,29,Tamil Thalaivas,Tamil Thalaivas,134,134,134,,134,,,134,134,134,134,134,134,134,,134,134,134,8,10,10,,12,,,9,10,12,12,11,12,12,,12,5,12,19.05,32.93,182,,43,,,470,121,2553,2073,4680,1375,4413,,143,10.26,1253,0.1421641791044776,0.2457462686567164,1.3582089552238803,,0.3208955223880597,,,3.5074626865671643,0.9029850746268656,19.05223880597015,15.470149253731345,34.92537313432836,10.261194029850746,32.93283582089552,,1.0671641791044777,0.076567164,9.350746268656716,Tamil Thalaivas,Tamil Thalaivas
all,30,U.P. Yoddhas,U.P. Yoddhas,140,140,140,,140,,,140,140,140,140,140,140,140,,140,140,140,3,2,9,,9,,,10,8,9,9,9,9,9,,10,6,11,19.79,34.33,183,,91,,,457,135,2771,2155,4876,1417,4806,,176,10.12,1281,0.1413571428571428,0.2452142857142857,1.3071428571428572,,0.65,,,3.2642857142857142,0.9642857142857144,19.792857142857144,15.392857142857142,34.82857142857143,10.121428571428572,34.32857142857143,,1.2571428571428571,0.072285714,9.15,U.P. Yoddhas,U.P. Yoddhas
all,31,Gujarat Giants,Gujarat Giants,139,139,139,,139,,,139,139,139,139,139,139,139,,139,139,139,7,5,12,,11,,,11,12,11,11,12,11,10,,9,8,10,19.22,33.76,142,,73,,,449,95,2671,2129,4452,1388,4692,,186,9.99,1293,0.138273381,0.2428776978417266,1.0215827338129495,,0.5251798561151079,,,3.2302158273381294,0.6834532374100719,19.215827338129497,15.316546762589928,32.02877697841727,9.985611510791369,33.75539568345324,,1.3381294964028776,0.071870504,9.302158273381297,Gujarat Giants,Gujarat Giants
